Doc ID,Title,Type,Owner,Approver,Version,Effective Date,Last Review,Next Review,Classification,Distribution,Status
POL-001,Information Security Policy,Policy,ISO,CEO,2.0,2026-01-15,2026-01-15,2027-01-15,Internal,All employees,Published
POL-002,Risk Management Policy,Policy,ISO,CEO,2.0,2026-01-15,2026-01-15,2027-01-15,Internal,All employees,Published
POL-003,ISMS Governance Policy,Policy,ISO,CEO,1.3,2025-10-01,2025-10-01,2026-10-01,Internal,All employees,Published
POL-004,Acceptable Use Policy,Policy,ISO,CEO,2.1,2026-02-01,2026-02-01,2027-02-01,Internal,All employees,Published
POL-005,Access Control Policy,Policy,ISO,IT Operations Lead,2.0,2026-01-15,2026-01-15,2027-01-15,Internal,IT + Department Heads,Published
POL-006,HR Security Policy,Policy,HR Lead,CEO,1.5,2025-11-01,2025-11-01,2026-11-01,Internal,HR + All employees,Published
POL-007,Information Classification & Labelling Policy,Policy,ISO,CEO,1.4,2025-09-15,2025-09-15,2026-09-15,Internal,All employees,Published
POL-008,Information Transfer Policy,Policy,ISO,CEO,1.2,2025-12-01,2025-12-01,2026-12-01,Internal,All employees,Published
POL-009,Business Continuity Policy,Policy,BCM Lead,CEO,1.6,2026-02-15,2026-02-15,2027-02-15,Internal,All employees,Published
POL-010,Supplier Security Policy,Policy,Procurement Lead,ISO,1.3,2025-11-20,2025-11-20,2026-11-20,Internal,Procurement + Dept Heads,Published
POL-011,Security Operations Policy,Policy,ISO,CEO,1.4,2026-01-15,2026-01-15,2027-01-15,Internal,SecOps + IT,Published
POL-012,Intellectual Property Rights Policy,Policy,Legal,CEO,1.1,2025-07-01,2025-07-01,2026-07-01,Internal,All employees,Published
POL-013,Project Management Security Policy,Policy,PMO Lead,ISO,1.0,2025-08-15,2025-08-15,2026-08-15,Internal,PMO + Project Managers,Published
POL-014,Remote Working & BYOD Policy,Policy,ISO,HR Lead,1.5,2026-01-10,2026-01-10,2027-01-10,Internal,All employees,Published
POL-015,Physical Security Policy,Policy,Facilities Lead,ISO,1.2,2025-10-15,2025-10-15,2026-10-15,Internal,Facilities + Reception,Published
POL-016,Endpoint Security & Malware Protection Policy,Policy,IT Operations Lead,ISO,1.4,2025-12-15,2025-12-15,2026-12-15,Internal,IT + All employees,Published
POL-017,Cryptography Policy,Policy,ISO,IT Operations Lead,1.3,2025-11-01,2025-11-01,2026-11-01,Internal,IT + Developers,Published
POL-018,Data Deletion Masking & Leakage Prevention Policy,Policy,DPO,ISO,1.1,2025-09-01,2025-09-01,2026-09-01,Internal,All employees,Published
POL-019,IT Operations Policy,Policy,IT Operations Lead,ISO,1.5,2026-02-01,2026-02-01,2027-02-01,Internal,IT,Published
POL-020,Configuration & Change Management Policy,Policy,IT Operations Lead,ISO,1.3,2025-12-01,2025-12-01,2026-12-01,Internal,IT + Developers,Published
POL-021,Secure Development Policy,Policy,Head of Engineering,ISO,1.4,2026-01-20,2026-01-20,2027-01-20,Internal,Engineering,Published
PROC-001,Incident Response Plan,Procedure,ISO,CEO,2.0,2026-03-01,2026-03-01,2027-03-01,Confidential,SecOps + IT,Published
PROC-002,Business Continuity Plan,Procedure,BCM Lead,CEO,1.3,2026-02-20,2026-02-20,2027-02-20,Confidential,BCM team,Published
PROC-003,Disaster Recovery Plan,Procedure,IT Operations Lead,ISO,1.2,2026-02-20,2026-02-20,2027-02-20,Confidential,IT,Published
REC-001,Statement of Applicability,Record,ISO,CEO,3.0,2026-03-30,2026-03-30,2027-03-30,Internal,Auditors + Management,Published
REC-002,Risk Register,Record,ISO,CEO,Live,2026-04-01,2026-04-01,Continuous,Confidential,ISMS team,Live
